product,price,image,category
Filco Majestouch 2 Candy Lime,4510000,https://www.phongcachxanh.vn/web/image/product.template/8176/image?unique=2431a63,Bàn Phím
Filco Majestouch 2 Camouflage R Fullsize,3740000,https://www.phongcachxanh.vn/web/image/product.template/7330/image?unique=2431a63,Bàn Phím
Filco Majestouch 2 Camouflage R Tenkeyless,3520000,https://www.phongcachxanh.vn/web/image/product.template/7331/image?unique=2431a63,Bàn Phím
Filco Majestouch 2 Hakua Fullsize,3410000,https://www.phongcachxanh.vn/web/image/product.template/7079/image?unique=2431a63,Bàn Phím
Filco Majestouch 2 Hakua Tenkeyless,3190000,https://www.phongcachxanh.vn/web/image/product.template/7080/image?unique=2431a63,Bàn Phím
Filco Majestouch Convertible 2 Fullsize,3960000,https://www.phongcachxanh.vn/web/image/product.template/4934/image?unique=2431a63,Bàn Phím
Filco Majestouch Convertible 2 Tenkeyless,3630000,https://www.phongcachxanh.vn/web/image/product.template/6449/image?unique=2431a63,Bàn Phím
Filco Majestouch Minila Air,3410000,https://www.phongcachxanh.vn/web/image/product.template/4936/image?unique=2431a63,Bàn Phím
Filco Majestouch 2 S Fullsize,3410000,https://www.phongcachxanh.vn/web/image/product.template/6077/image?unique=2431a63,Bàn Phím
Filco Majestouch 2 S Tenkeyless,3190000,https://www.phongcachxanh.vn/web/image/product.template/6078/image?unique=2431a63,Bàn Phím
Filco Majestouch 2 Pink Fullsize,3630000,https://www.phongcachxanh.vn/web/image/product.template/5510/image?unique=2431a63,Bàn Phím
Filco Majestouch 2 Pink Tenkeyless,3410000,https://www.phongcachxanh.vn/web/image/product.template/5509/image?unique=2431a63,Bàn Phím
Filco Majestouch 2 Fullsize,3410000,https://www.phongcachxanh.vn/web/image/product.template/4929/image?unique=2431a63,Bàn Phím
Filco Majestouch 2 Tenkeyless,3190000,https://www.phongcachxanh.vn/web/image/product.template/4932/image?unique=2431a63,Bàn Phím
Filco Majestouch 2 Ninja Fullsize,3520000,https://www.phongcachxanh.vn/web/image/product.template/4930/image?unique=2431a63,Bàn Phím
Filco Majestouch 2 Ninja Tenkeyless,3300000,https://www.phongcachxanh.vn/web/image/product.template/4931/image?unique=2431a63,Bàn Phím
Realforce RGB,5500000,https://www.phongcachxanh.vn/web/image/product.template/7333/image?unique=bf9d172,Bàn Phím
Filco Majestouch Camou-R Tenkeypad Pro,1650000,https://www.phongcachxanh.vn/web/image/product.template/8150/image?unique=2431a63,Bàn Phím
Filco Majestouch Hakua Tenkeypad Pro,1540000,https://www.phongcachxanh.vn/web/image/product.template/8149/image?unique=2431a63,Bàn Phím
Filco Majestouch Tenkeypad USB,1210000,https://www.phongcachxanh.vn/web/image/product.template/7503/image?unique=2431a63,Bàn Phím
Realforce 87U-UW 55g Uniform,4620000,https://www.phongcachxanh.vn/web/image/product.template/6850/image?unique=b0ff03a,Bàn Phím
Realforce 87U-UD 55g Uniform,4620000,https://www.phongcachxanh.vn/web/image/product.template/5920/image?unique=b0ff03a,Bàn Phím
Realforce 104 Hipro 45g Uniform,5720000,https://www.phongcachxanh.vn/web/image/product.template/5922/image?unique=b0ff03a,Bàn Phím
Destiny 2 Razer Ornata Chroma,2399000,https://www.phongcachxanh.vn/web/image/product.template/8420/image?unique=3b23c1e,Bàn Phím
Dare-U DK880 87KEY (RGB),880000,https://www.phongcachxanh.vn/web/image/product.template/9673/image/300x300?unique=01c1d45,Bàn Phím
Filco Majestouch Convertible 2 Shibuki Red Tenkeyless,5500000,https://www.phongcachxanh.vn/web/image/product.template/9116/image?unique=2431a63,Bàn Phím
Dare-U EK810 108KEY (RGB),1150000,https://www.phongcachxanh.vn/web/image/product.template/8616/image/300x300?unique=e35b8ab,Bàn Phím
Filco Majestouch Convertible 2 Shibuki Black Tenkeyless,5500000,https://www.phongcachxanh.vn/web/image/product.template/9115/image?unique=2431a63,Bàn Phím
Filco Majestouch Convertible 2 Shibuki Red Fullsize,5830000,https://www.phongcachxanh.vn/web/image/product.template/9114/image?unique=2431a63,Bàn Phím
Filco Majestouch Convertible 2 Shibuki Black Fullsize,5830000,https://www.phongcachxanh.vn/web/image/product.template/9113/image?unique=2431a63,Bàn Phím
Kê tay Filco gỗ Tamo (Size L),1265000,https://www.phongcachxanh.vn/web/image/product.template/8844/image?unique=2431a63,Bàn Phím
Kê tay Filco gỗ Tamo (Size M),1155000,https://www.phongcachxanh.vn/web/image/product.template/8843/image?unique=2431a63,Bàn Phím
Da kê tay Filco Size M (Đen),770000,https://www.phongcachxanh.vn/web/image/product.template/8842/image?unique=2431a63,Bàn Phím
Da kê tay Filco Size M (Nâu),770000,https://www.phongcachxanh.vn/web/image/product.template/8841/image?unique=2431a63,Bàn Phím
Da kê tay Filco Size M (Nâu nhạt),770000,https://www.phongcachxanh.vn/web/image/product.template/8840/image?unique=2431a63,Bàn Phím
Da kê tay Filco Size L (Đen),825000,https://www.phongcachxanh.vn/web/image/product.template/8839/image?unique=2431a63,Bàn Phím
Da kê tay Filco Size L (Nâu),825000,https://www.phongcachxanh.vn/web/image/product.template/8838/image?unique=2431a63,Bàn Phím
Da kê tay Filco Size L (Nâu nhạt),825000,https://www.phongcachxanh.vn/web/image/product.template/8837/image?unique=2431a63,Bàn Phím
Steelseries Apex M750,3399000,https://www.phongcachxanh.vn/web/image/product.template/8705/image?unique=f3f3373,Bàn Phím
Steelseries Apex M750 TKL,2999000,https://www.phongcachxanh.vn/web/image/product.template/8704/image?unique=dfee3be,Bàn Phím
Dare-U EK810 87KEY (RGB),950000,https://www.phongcachxanh.vn/web/image/product.template/8615/image/300x300?unique=ef50028,Bàn Phím
Dare-U CK-525,766000,https://www.phongcachxanh.vn/web/image/product.template/8614/image/300x300?unique=7cbdd2a,Bàn Phím
Dare-U DK87 (White),590000,https://www.phongcachxanh.vn/web/image/product.template/8613/image/300x300?unique=f1557d5,Bàn Phím
Dare-U DK87 (Black),590000,https://www.phongcachxanh.vn/web/image/product.template/8612/image/300x300?unique=4064f96,Bàn Phím
Corsair K68 - IP32,2789000,https://www.phongcachxanh.vn/web/image/product.template/8512/image?unique=7862151,Bàn Phím
Razer BlackWidow Chroma v2 (Yellow switch),3979000,https://www.phongcachxanh.vn/web/image/product.template/8417/image?unique=b3b5838,Bàn Phím
Razer BlackWidow Chroma v2 (Orange switch),3979000,https://www.phongcachxanh.vn/web/image/product.template/8416/image?unique=7cbad99,Bàn Phím
Razer BlackWidow Chroma v2 (Green switch),3979000,https://www.phongcachxanh.vn/web/image/product.template/8415/image?unique=2480f14,Bàn Phím
Razer BlackWidow Tournament Edition Chroma v2 (Yellow switch),3379000,https://www.phongcachxanh.vn/web/image/product.template/8414/image?unique=2a4e888,Bàn Phím
Razer BlackWidow Tournament Edition Chroma v2 (Orange switch),3379000,https://www.phongcachxanh.vn/web/image/product.template/8413/image?unique=d1b5496,Bàn Phím
Razer BlackWidow Tournament Edition Chroma v2 (Green switch),3379000,https://www.phongcachxanh.vn/web/image/product.template/8412/image?unique=565f535,Bàn Phím
Logitech G413 Carbon,2199000,https://www.phongcachxanh.vn/web/image/product.template/8311/image?unique=bca044f,Bàn Phím
Bàn phím cơ Logitech G Pro,2199000,https://www.phongcachxanh.vn/web/image/product.template/8310/image?unique=4213cdd,Bàn Phím
Bàn phím cơ Alienware AW768 Pro Gaming Keyboard,3300000,https://www.phongcachxanh.vn/web/image/product.template/8276/image?unique=e002992,Bàn Phím
Bàn phím cơ Alienware AW568 Advanced Gaming keyboard,2350000,https://www.phongcachxanh.vn/web/image/product.template/8275/image?unique=db95c52,Bàn Phím
Filco Majestouch 2 Candy Cherry,4510000,https://www.phongcachxanh.vn/web/image/product.template/8175/image?unique=2431a63,Bàn Phím
Filco Majestouch 2 Candy Grape,4510000,https://www.phongcachxanh.vn/web/image/product.template/8174/image?unique=2431a63,Bàn Phím
Corsair K95 Platinum RGB Gunmetal MX Speed,5190000,https://www.phongcachxanh.vn/web/image/product.template/7924/image?unique=e5b3c3e,Bàn Phím
Corsair K95 Platinum RGB,4990000,https://www.phongcachxanh.vn/web/image/product.template/7923/image?unique=e5b3c3e,Bàn Phím
Filco Majestouch 2 Oliva Avorio Tenkeyless,3850000,https://www.phongcachxanh.vn/web/image/product.template/7826/image?unique=2431a63,Bàn Phím
Filco Majestouch 2 Oliva Avorio Fullsize,4070000,https://www.phongcachxanh.vn/web/image/product.template/7825/image?unique=2431a63,Bàn Phím
Corsair K63 - Red switch,1989000,https://www.phongcachxanh.vn/web/image/product.template/7675/image?unique=e5b3c3e,Bàn Phím
Corsair K65 RGB RapidFire MX Speed,3199000,https://www.phongcachxanh.vn/web/image/product.template/7659/image?unique=ecee3ae,Bàn Phím
Razer Ornata Chroma,2379000,https://www.phongcachxanh.vn/web/image/product.template/7530/image?unique=74fee29,Bàn Phím
Steelseries Apex M500,2189000,https://www.phongcachxanh.vn/web/image/product.template/6779/image?unique=0c68a9c,Bàn Phím
Corsair K70 LUX RGB,4049000,https://www.phongcachxanh.vn/web/image/product.template/6670/image?unique=e5b3c3e,Bàn Phím
Corsair K70 LUX,2989000,https://www.phongcachxanh.vn/web/image/product.template/6669/image?unique=e5b3c3e,Bàn Phím
Corsair K65 LUX RGB,3149000,https://www.phongcachxanh.vn/web/image/product.template/6668/image?unique=104d4e1,Bàn Phím
Filco Majestouch 2 Vintage Teak Tenkeyless,3850000,https://www.phongcachxanh.vn/web/image/product.template/6387/image/300x300?unique=2431a63,Bàn Phím
Filco Majestouch 2 Vintage Teak Fullsize,4070000,https://www.phongcachxanh.vn/web/image/product.template/6386/image/300x300?unique=2431a63,Bàn Phím
Realforce 87U-UW variable,5720000,https://www.phongcachxanh.vn/web/image/product.template/5971/image?unique=b0ff03a,Bàn Phím
Filco Majestouch 2 Italian red,3740000,https://www.phongcachxanh.vn/web/image/product.template/5948/image/300x300?unique=2431a63,Bàn Phím
Filco Majestouch 2 White carbon Fullsize,4500000,https://www.phongcachxanh.vn/web/image/product.template/5947/image/300x300?unique=2431a63,Bàn Phím
Filco Majestouch 2 White carbon Tenkeyless,4280000,https://www.phongcachxanh.vn/web/image/product.template/5946/image/300x300?unique=2431a63,Bàn Phím
Filco Majestouch 2 Lacquer Black splash,5500000,https://www.phongcachxanh.vn/web/image/product.template/5945/image/300x300?unique=2431a63,Bàn Phím
Filco Majestouch 2 Lacquer Red splash,5500000,https://www.phongcachxanh.vn/web/image/product.template/5944/image/300x300?unique=2431a63,Bàn Phím
Filco Majestouch 2 Lacquer Copper & Gold,5500000,https://www.phongcachxanh.vn/web/image/product.template/5943/image/300x300?unique=2431a63,Bàn Phím
Filco Majestouch 2 Lacquer Red & Gold,5500000,https://www.phongcachxanh.vn/web/image/product.template/5942/image/300x300?unique=2431a63,Bàn Phím
Filco Majestouch 2 Camouflage Fullsize,3630000,https://www.phongcachxanh.vn/web/image/product.template/5941/image?unique=2431a63,Bàn Phím
Filco Majestouch 2 Camouflage Tenkeyless,3410000,https://www.phongcachxanh.vn/web/image/product.template/5940/image?unique=2431a63,Bàn Phím
Filco Majestouch 2 AI,3520000,https://www.phongcachxanh.vn/web/image/product.template/5939/image/300x300?unique=2431a63,Bàn Phím
Filco Majestouch 2 Yellow Fullsize,3630000,https://www.phongcachxanh.vn/web/image/product.template/5927/image/300x300?unique=2431a63,Bàn Phím
Filco Majestouch 2 Yellow Tenkeyless,3410000,https://www.phongcachxanh.vn/web/image/product.template/5925/image/300x300?unique=2431a63,Bàn Phím
Corsair K70 Rapidfire RGB - MX Speed,3949000,https://www.phongcachxanh.vn/web/image/product.template/5916/image/300x300?unique=e5b3c3e,Bàn Phím
Razer Orbweaver Chroma,3349000,https://www.phongcachxanh.vn/web/image/product.template/5402/image/300x300?unique=e637360,Bàn Phím
Logitech G810,2989000,https://www.phongcachxanh.vn/web/image/product.template/5277/image?unique=2832882,Bàn Phím
Filco Majestouch Convertible 2 Kinrin Fullsize,4940000,https://www.phongcachxanh.vn/web/image/product.template/5221/image/300x300?unique=2431a63,Bàn Phím
Logitech G610,2189000,https://www.phongcachxanh.vn/web/image/product.template/5276/image?unique=18b1a49,Bàn Phím
Corsair Strafe RGB - MX Silent,3865000,https://www.phongcachxanh.vn/web/image/product.template/5206/image/300x300?unique=e5b3c3e,Bàn Phím
Corsair Strafe RGB,3690000,https://www.phongcachxanh.vn/web/image/product.template/5205/image/300x300?unique=e5b3c3e,Bàn Phím
Realforce 87U-UD variable,5720000,https://www.phongcachxanh.vn/web/image/product.template/5097/image?unique=b0ff03a,Bàn Phím
Filco Majestouch 2 ECW,3410000,https://www.phongcachxanh.vn/web/image/product.template/5035/image?unique=2431a63,Bàn Phím
Filco Majestouch Convertible 2 Italian red,4400000,https://www.phongcachxanh.vn/web/image/product.template/4935/image/300x300?unique=2431a63,Bàn Phím
Corsair Strafe (Blue switch),2490000,https://www.phongcachxanh.vn/web/image/product.template/4927/image/300x300?unique=e5b3c3e,Bàn Phím
product,price,image,category
Filco 2018 Calendar Keycap (Black Ninja),550000,https://www.phongcachxanh.vn/web/image/product.template/9628/image?unique=2431a63,Keycap
Keycap Filco High profile Doubleshot (Yellow x Purple),1980000,https://www.phongcachxanh.vn/web/image/product.template/9280/image?unique=2431a63,Keycap
Keycap Filco High profile Doubleshot (Purple x Yellow),1980000,https://www.phongcachxanh.vn/web/image/product.template/9279/image?unique=2431a63,Keycap
Keycap Filco High profile Doubleshot (Green x Purple),1980000,https://www.phongcachxanh.vn/web/image/product.template/9278/image?unique=2431a63,Keycap
Keycap Filco High profile Doubleshot (Purple x Green),1980000,https://www.phongcachxanh.vn/web/image/product.template/9277/image?unique=2431a63,Keycap
Keycap Filco High profile Doubleshot (White x Navy),1980000,https://www.phongcachxanh.vn/web/image/product.template/9276/image?unique=2431a63,Keycap
Keycap Filco High profile Doubleshot (Navy x White),1980000,https://www.phongcachxanh.vn/web/image/product.template/9275/image?unique=2431a63,Keycap
Keycap Filco High profile Doubleshot (Yellow),1870000,https://www.phongcachxanh.vn/web/image/product.template/9274/image?unique=2431a63,Keycap
Keycap Filco High profile Doubleshot (White),1870000,https://www.phongcachxanh.vn/web/image/product.template/9273/image?unique=2431a63,Keycap
Keycap Filco High profile Doubleshot (Purple),1870000,https://www.phongcachxanh.vn/web/image/product.template/9272/image?unique=2431a63,Keycap
Keycap Filco High profile Doubleshot (Navy),1870000,https://www.phongcachxanh.vn/web/image/product.template/9271/image?unique=2431a63,Keycap
Keycap Filco High profile Doubleshot (Green),1870000,https://www.phongcachxanh.vn/web/image/product.template/9270/image?unique=2431a63,Keycap
Filco 2018 Calendar Keycap (Black),550000,https://www.phongcachxanh.vn/web/image/product.template/8624/image?unique=2431a63,Keycap
Filco 2018 Calendar Keycap (White),550000,https://www.phongcachxanh.vn/web/image/product.template/8623/image?unique=2431a63,Keycap
Filco Japan Flag,110000,https://www.phongcachxanh.vn/web/image/product.template/7874/image?unique=2431a63,Keycap
Filco Vietnam Flag,110000,https://www.phongcachxanh.vn/web/image/product.template/7873/image?unique=2431a63,Keycap
Hana DSA Keycap set,3200000,https://www.phongcachxanh.vn/web/image/product.template/6913/image?unique=b0ff03a,Keycap
1976 SA Keycap set,2800000,https://www.phongcachxanh.vn/web/image/product.template/6912/image?unique=b0ff03a,Keycap
PuLSE SA,3200000,https://www.phongcachxanh.vn/web/image/product.template/6383/image?unique=b0ff03a,Keycap
Imsto Smily,100000,https://www.phongcachxanh.vn/web/image/product.template/5254/image/300x300?unique=b0ff03a,Keycap
Imsto Cherry Hồng,100000,https://www.phongcachxanh.vn/web/image/product.template/5253/image/300x300?unique=b0ff03a,Keycap
Imsto Cherry,100000,https://www.phongcachxanh.vn/web/image/product.template/5252/image/300x300?unique=b0ff03a,Keycap
Imsto Hangul,2090000,https://www.phongcachxanh.vn/web/image/product.template/5220/image?unique=b0ff03a,Keycap
Imsto Japanese,2090000,https://www.phongcachxanh.vn/web/image/product.template/5219/image?unique=b0ff03a,Keycap
HolyOOPS Thousand Sunny,660000,https://www.phongcachxanh.vn/web/image/product.template/5199/image/300x300?unique=b0ff03a,Keycap
GeekKeys League of Legends Backspace,583000,https://www.phongcachxanh.vn/web/image/product.template/5198/image/300x300?unique=b0ff03a,Keycap
HolyOOPS Super Mario Mushroom,583000,https://www.phongcachxanh.vn/web/image/product.template/5197/image/300x300?unique=b0ff03a,Keycap
HolyOOPS Vendetta Mask,583000,https://www.phongcachxanh.vn/web/image/product.template/5196/image/300x300?unique=b0ff03a,Keycap
HolyOOPS Doraemon Bell 3D,605000,https://www.phongcachxanh.vn/web/image/product.template/5195/image/300x300?unique=b0ff03a,Keycap
HolyOOPS Dota 2 Juggernaut,605000,https://www.phongcachxanh.vn/web/image/product.template/5194/image/300x300?unique=b0ff03a,Keycap
HolyOOPS Dota 2 (đen),605000,https://www.phongcachxanh.vn/web/image/product.template/5193/image/300x300?unique=b0ff03a,Keycap
HolyOOPS EVA Unit 01,605000,https://www.phongcachxanh.vn/web/image/product.template/5192/image/300x300?unique=b0ff03a,Keycap
HolyOOPS EVA NERV,605000,https://www.phongcachxanh.vn/web/image/product.template/5191/image/300x300?unique=b0ff03a,Keycap
HolyOOPS EVA Berserk,605000,https://www.phongcachxanh.vn/web/image/product.template/5190/image/300x300?unique=b0ff03a,Keycap
HolyOOPS EVA 4th Angel,605000,https://www.phongcachxanh.vn/web/image/product.template/5189/image/300x300?unique=b0ff03a,Keycap
HolyOOPS Baymax 3D (đỏ),605000,https://www.phongcachxanh.vn/web/image/product.template/5188/image/300x300?unique=b0ff03a,Keycap
HolyOOPS Stormtrooper 3D,660000,https://www.phongcachxanh.vn/web/image/product.template/5187/image/300x300?unique=b0ff03a,Keycap
HolyOOPS Darth Vader 3D,660000,https://www.phongcachxanh.vn/web/image/product.template/5186/image/300x300?unique=b0ff03a,Keycap
HolyOOPS Star Lord 3D,660000,https://www.phongcachxanh.vn/web/image/product.template/5185/image/300x300?unique=b0ff03a,Keycap
HolyOOPS Captain America (đen),638000,https://www.phongcachxanh.vn/web/image/product.template/5184/image/300x300?unique=b0ff03a,Keycap
HolyOOPS Avengers,605000,https://www.phongcachxanh.vn/web/image/product.template/5183/image/300x300?unique=b0ff03a,Keycap
HolyOOPS Umbrella Corp,605000,https://www.phongcachxanh.vn/web/image/product.template/5182/image/300x300?unique=b0ff03a,Keycap
HolyOOPS Straw Hat,583000,https://www.phongcachxanh.vn/web/image/product.template/5181/image/300x300?unique=b0ff03a,Keycap
HolyOOPS One Piece Backspace,880000,https://www.phongcachxanh.vn/web/image/product.template/5180/image/300x300?unique=b0ff03a,Keycap
HolyOOPS Stark Industries Backspace,847000,https://www.phongcachxanh.vn/web/image/product.template/5179/image/300x300?unique=b0ff03a,Keycap
HolyOOPS Iron Man Arc,605000,https://www.phongcachxanh.vn/web/image/product.template/5178/image/300x300?unique=b0ff03a,Keycap
HolyOOPS Gaming Controller Backspace,880000,https://www.phongcachxanh.vn/web/image/product.template/5177/image/300x300?unique=b0ff03a,Keycap
HolyOOPS Heart Pirates,561000,https://www.phongcachxanh.vn/web/image/product.template/5176/image/300x300?unique=b0ff03a,Keycap
HolyOOPS Kuja Pirates,561000,https://www.phongcachxanh.vn/web/image/product.template/5175/image/300x300?unique=b0ff03a,Keycap
HolyOOPS Blackbeard Pirates,561000,https://www.phongcachxanh.vn/web/image/product.template/5174/image/300x300?unique=b0ff03a,Keycap
HolyOOPS Baymax 3D,583000,https://www.phongcachxanh.vn/web/image/product.template/5173/image/300x300?unique=b0ff03a,Keycap
HolyOOPS Thor Hammer,561000,https://www.phongcachxanh.vn/web/image/product.template/5172/image/300x300?unique=b0ff03a,Keycap
HolyOOPS Wolverine,583000,https://www.phongcachxanh.vn/web/image/product.template/5171/image/300x300?unique=b0ff03a,Keycap
HolyOOPS Lego,583000,https://www.phongcachxanh.vn/web/image/product.template/5170/image/300x300?unique=b0ff03a,Keycap
HolyOOPS Predator 3D,638000,https://www.phongcachxanh.vn/web/image/product.template/5169/image/300x300?unique=b0ff03a,Keycap
HolyOOPS S.H.I.E.L.D.,561000,https://www.phongcachxanh.vn/web/image/product.template/5168/image/300x300?unique=b0ff03a,Keycap
HolyOOPS Biohazard,539000,https://www.phongcachxanh.vn/web/image/product.template/5167/image/300x300?unique=b0ff03a,Keycap
HolyOOPS Pokeball,539000,https://www.phongcachxanh.vn/web/image/product.template/5166/image/300x300?unique=b0ff03a,Keycap
HolyOOPS Pikachu,539000,https://www.phongcachxanh.vn/web/image/product.template/5165/image/300x300?unique=b0ff03a,Keycap
HolyOOPS Dota 2,583000,https://www.phongcachxanh.vn/web/image/product.template/5164/image/300x300?unique=b0ff03a,Keycap
HolyOOPS Captain America,583000,https://www.phongcachxanh.vn/web/image/product.template/5163/image/300x300?unique=b0ff03a,Keycap
Imsto Cherry green,1870000,https://www.phongcachxanh.vn/web/image/product.template/5159/image/300x300?unique=b0ff03a,Keycap
Imsto Cherry red,1870000,https://www.phongcachxanh.vn/web/image/product.template/5158/image/300x300?unique=b0ff03a,Keycap
Imsto Cherry blue,1870000,https://www.phongcachxanh.vn/web/image/product.template/5157/image/300x300?unique=b0ff03a,Keycap
Imsto engraved (trắng tinh),1540000,https://www.phongcachxanh.vn/web/image/product.template/5155/image/300x300?unique=b0ff03a,Keycap
Imsto engraved (xanh),1540000,https://www.phongcachxanh.vn/web/image/product.template/5154/image/300x300?unique=b0ff03a,Keycap
Imsto black on black,2500000,https://www.phongcachxanh.vn/web/image/product.template/5106/image/300x300?unique=b0ff03a,Keycap
Imsto Blue/Gray,2500000,https://www.phongcachxanh.vn/web/image/product.template/5105/image/300x300?unique=b0ff03a,Keycap
Imsto double heart,100000,https://www.phongcachxanh.vn/web/image/product.template/5082/image/300x300?unique=b0ff03a,Keycap
Imsto RGB,450000,https://www.phongcachxanh.vn/web/image/product.template/5072/image/300x300?unique=b0ff03a,Keycap
Imsto arrows,165000,https://www.phongcachxanh.vn/web/image/product.template/5002/image/300x300?unique=b0ff03a,Keycap
Filco Ninja WASD,165000,https://www.phongcachxanh.vn/web/image/product.template/5000/image/300x300?unique=2431a63,Keycap
Filco esc,55000,https://www.phongcachxanh.vn/web/image/product.template/4999/image/300x300?unique=2431a63,Keycap
Keycap Filco High profile Doubleshot (Brown),1870000,https://www.phongcachxanh.vn/web/image/product.template/4984/image/300x300?unique=2431a63,Keycap
